{
  "version": 1,
  "author": "Rajveer Kushwaha",
  "editor": "wokwi",
  "parts": [
    { "type": "board-esp32-devkit-c-v4", "id": "esp", "top": -19.2, "left": -4.76, "attrs": {} },
    {
      "type": "wokwi-lcd1602",
      "id": "lcd1",
      "top": -22.4,
      "left": 178.4,
      "attrs": { "pins": "i2c" }
    },
    { "type": "wokwi-servo", "id": "servo1", "top": 132.4, "left": 182.4, "attrs": {} },
    {
      "type": "wokwi-analog-joystick",
      "id": "joystick1",
      "top": 37.8,
      "left": -215.4,
      "attrs": {}
    }
  ],
  "connections": [
    [ "esp:TX", "$serialMonitor:RX", "", [] ],
    [ "esp:RX", "$serialMonitor:TX", "", [] ],
    [ "esp:GND.2", "lcd1:GND", "black", [ "v0" ] ],
    [ "lcd1:SDA", "esp:21", "yellow", [ "h-38.4", "v0.2", "h-9.6", "v19.2" ] ],
    [ "esp:3V3", "lcd1:VCC", "red", [ "h-28.65", "v-38.4", "h153.6", "v48", "h19.2" ] ],
    [ "lcd1:SCL", "esp:22", "cyan", [ "h-67.2", "v-9.3" ] ],
    [ "joystick1:VCC", "esp:5V", "red", [ "v38.4" ] ],
    [ "esp:5V", "servo1:V+", "red", [ "h-28.65", "v57.6", "h192", "v-9.6" ] ],
    [ "joystick1:GND", "esp:GND.1", "black", [ "v9.6", "h57.6", "v-28.8" ] ],
    [ "joystick1:HORZ", "esp:25", "violet", [ "v19.2", "h96", "v-9.6" ] ],
    [ "esp:18", "servo1:PWM", "green", [ "h19.2", "v124.8" ] ],
    [ "servo1:GND", "esp:GND.1", "black", [ "h-38.4", "v48", "h-163.2", "v-96" ] ]
  ],
  "dependencies": {}
}